PI,May'21 Amounts Due
Cronin,334.15999999999997
Cross,192.29999999999998
Dziak,63.43
Feely,106.99
Johnson,7236.589999999969
Klinck,28.69
McPhaden,2067.5800000000027
Meinig - Dziak,46.32
Meinig - Feely,30.88
Meinig Chaba,25.44
Meinig Former DART,373.43
Meinig GNSS GPS,13.79
Meinig SPURS2,66.46
Meinig pop_up,217.22
Mordy IOTAS-ITAE,179.26999999999992
Mordy ITAE,170.95
Stabeno,407.38
Sutton,2270.8200000000033
